﻿<?xml version="1.0" encoding="utf-8"?>
<Mappings>
    <DNMappings>
        <DN No="*0" ID="90" />
        <DN No="*1" ID="91" />
        <DN No="*777" ID="92" />
        <DN No="*888" ID="93" />
        <DN No="SP0" ID="94" />
        <DN No="SP1" ID="95" />
        <DN No="SP2" ID="96" />
        <DN No="SP3" ID="97" />
        <DN No="SP4" ID="98" />
        <DN No="SP5" ID="99" />
        <DN No="SP6" ID="100" />
        <DN No="SP7" ID="101" />
        <DN No="SP8" ID="102" />
        <DN No="SP9" ID="103" />
        <DN No="SP10" ID="104" />
        <DN No="HOL" ID="105" />
        <DN No="777" ID="106" />
        <DN No="888" ID="107" />
        <DN No="999" ID="108" />
        <DN No="700" ID="109" />
        <DN No="000" ID="110" />
        <DN No="90000" ID="111" />
        <DN No="QCB" ID="112" />
    </DNMappings>
    <GroupMappings>
        <Group Name="__DEFAULT__" ID="5" />
    </GroupMappings>
</Mappings>